{"cameraMode":{"drawMode":0,"name":"Shaded","section":"Shading Mode"},"sceneLighting":false,"audioPlay":false,"sceneViewState":{"showFog":true,"showMaterialUpdate":true,"showSkybox":false,"showFlares":true,"showImageEffects":true,"showParticleSystems":true},"in2DMode":false,"pivot":{"x":0.0,"y":-1.862645149230957e-9,"z":0.0001346394419670105},"rotation":{"x":0.10288389027118683,"y":-0.7563786506652832,"z":0.12268922477960587,"w":0.6342384219169617},"size":0.07727374136447907,"orthographic":false}