{"cameraMode":{"drawMode":0,"name":"Shaded","section":"Shading Mode"},"sceneLighting":false,"audioPlay":false,"sceneViewState":{"showFog":true,"showMaterialUpdate":true,"showSkybox":false,"showFlares":true,"showImageEffects":true,"showParticleSystems":true},"in2DMode":false,"pivot":{"x":-1.3211183547973633,"y":-0.5173511505126953,"z":-0.03402378410100937},"rotation":{"x":0.15308579802513123,"y":-0.7060179114341736,"z":0.160701721906662,"w":0.6725214123725891},"size":1.2427451610565186,"orthographic":false}